chromeos1-row1-rack10-host1-servo,chromeos1-poe-switch5,fa1
chromeos1-row1-rack10-host2-servo,chromeos1-poe-switch5,fa25
chromeos1-row1-rack10-host3-servo,chromeos1-poe-switch5,fa26
chromeos1-row1-rack10-host4-servo,chromeos1-poe-switch5,fa27
chromeos1-row1-rack10-host5-servo,chromeos1-poe-switch5,fa29
chromeos1-row1-rack10-host6-servo,chromeos1-poe-switch5,fa30
chromeos1-row1-rack11-host1-servo,chromeos1-poe-switch5,fa7
chromeos1-row1-rack11-host2-servo,chromeos1-poe-switch5,fa8
chromeos1-row1-rack11-host3-servo,chromeos1-poe-switch5,fa33
chromeos1-row1-rack11-host4-servo,chromeos1-poe-switch5,fa34
chromeos1-row1-rack11-host5-servo,chromeos1-poe-switch5,fa35
chromeos1-row1-rack11-host6-servo,chromeos1-poe-switch5,fa36
chromeos1-row1-rack1-host1-servo,chromeos1-poe-switch1,fa25
chromeos1-row1-rack1-host2-servo,chromeos1-poe-switch1,fa26
chromeos1-row1-rack1-host3-servo,chromeos1-poe-switch1,fa27
chromeos1-row1-rack1-host4-servo,chromeos1-poe-switch1,fa28
chromeos1-row1-rack1-host5-servo,chromeos1-poe-switch1,fa29
chromeos1-row1-rack1-host6-servo,chromeos1-poe-switch1,fa30
chromeos1-row1-rack2-host1-servo,chromeos1-poe-switch1,fa31
chromeos1-row1-rack2-host2-servo,chromeos1-poe-switch1,fa32
chromeos1-row1-rack2-host3-servo,chromeos1-poe-switch1,fa33
chromeos1-row1-rack2-host4-servo,chromeos1-poe-switch1,fa34
chromeos1-row1-rack2-host5-servo,chromeos1-poe-switch1,fa37
chromeos1-row1-rack2-host6-servo,chromeos1-poe-switch1,fa38
chromeos1-row1-rack3-host1-servo,chromeos1-poe-switch2,fa25
chromeos1-row1-rack3-host2-servo,chromeos1-poe-switch2,fa26
chromeos1-row1-rack3-host3-servo,chromeos1-poe-switch2,fa27
chromeos1-row1-rack3-host4-servo,chromeos1-poe-switch2,fa28
chromeos1-row1-rack3-host5-servo,chromeos1-poe-switch2,fa29
chromeos1-row1-rack3-host6-servo,chromeos1-poe-switch2,fa30
chromeos1-row1-rack4-host1-servo,chromeos1-poe-switch2,fa31
chromeos1-row1-rack4-host2-servo,chromeos1-poe-switch2,fa32
chromeos1-row1-rack4-host3-servo,chromeos1-poe-switch2,fa33
chromeos1-row1-rack4-host4-servo,chromeos1-poe-switch2,fa34
chromeos1-row1-rack4-host5-servo,chromeos1-poe-switch2,fa35
chromeos1-row1-rack4-host6-servo,chromeos1-poe-switch2,fa36
chromeos1-row1-rack5-host1-servo,chromeos1-poe-switch3,
chromeos1-row1-rack5-host2-servo,chromeos1-poe-switch3,
chromeos1-row1-rack5-host3-servo,chromeos1-poe-switch3,
chromeos1-row1-rack5-host4-servo,chromeos1-poe-switch3,
chromeos1-row1-rack5-host5-servo,chromeos1-poe-switch3,
chromeos1-row1-rack5-host6-servo,chromeos1-poe-switch3,
chromeos1-row1-rack6-host1-servo,chromeos1-poe-switch3,
chromeos1-row1-rack6-host2-servo,chromeos1-poe-switch3,
chromeos1-row1-rack6-host3-servo,chromeos1-poe-switch3,
chromeos1-row1-rack6-host4-servo,chromeos1-poe-switch3,
chromeos1-row1-rack7-host1-servo,chromeos1-poe-switch3,fa31
chromeos1-row1-rack7-host2-servo,chromeos1-poe-switch3,fa32
chromeos1-row1-rack7-host3-servo,chromeos1-poe-switch3,fa33
chromeos1-row1-rack7-host4-servo,chromeos1-poe-switch3,fa34
chromeos1-row1-rack7-host5-servo,chromeos1-poe-switch3,fa35
chromeos1-row1-rack7-host6-servo,chromeos1-poe-switch3,fa36
chromeos1-row1-rack8-host1-servo,chromeos1-poe-switch4,fa25
chromeos1-row1-rack8-host2-servo,chromeos1-poe-switch4,fa26
chromeos1-row1-rack8-host3-servo,chromeos1-poe-switch4,fa27
chromeos1-row1-rack8-host4-servo,chromeos1-poe-switch4,fa28
chromeos1-row1-rack8-host5-servo,chromeos1-poe-switch4,fa29
chromeos1-row1-rack8-host6-servo,chromeos1-poe-switch4,fa30
chromeos1-row1-rack9-host1-servo,chromeos1-poe-switch4,fa31
chromeos1-row1-rack9-host2-servo,chromeos1-poe-switch4,fa32
chromeos1-row1-rack9-host3-servo,chromeos1-poe-switch4,fa33
chromeos1-row1-rack9-host4-servo,chromeos1-poe-switch4,fa34
chromeos1-row1-rack9-host5-servo,chromeos1-poe-switch4,fa35
chromeos1-row1-rack9-host6-servo,chromeos1-poe-switch4,fa36
chromeos1-row2-rack10-host1-servo,chromeos1-poe-switch5,fa39
chromeos1-row2-rack10-host2-servo,chromeos1-poe-switch5,fa40
chromeos1-row2-rack10-host3-servo,chromeos1-poe-switch5,fa41
chromeos1-row2-rack10-host4-servo,chromeos1-poe-switch5,fa42
chromeos1-row2-rack10-host5-servo,chromeos1-poe-switch5,fa43
chromeos1-row2-rack10-host6-servo,chromeos1-poe-switch5,fa44
chromeos1-row2-rack11-host1-servo,chromeos1-poe-switch6,fa13
chromeos1-row2-rack11-host2-servo,chromeos1-poe-switch5,fa46
chromeos1-row2-rack11-host3-servo,chromeos1-poe-switch5,fa47
chromeos1-row2-rack11-host4-servo,chromeos1-poe-switch5,fa24
chromeos1-row2-rack11-host5-servo,chromeos1-poe-switch4,fa19
chromeos1-row2-rack11-host6-servo,chromeos1-poe-switch6,fa15
chromeos1-row2-rack1-host4-servo,chromeos1-poe-switch1,fa40
chromeos1-row2-rack1-host5-servo,chromeos1-poe-switch1,fa41
chromeos1-row2-rack1-host6-servo,chromeos1-poe-switch1,fa42
chromeos1-row2-rack2-host1-servo,chromeos1-poe-switch1,fa43
chromeos1-row2-rack2-host2-servo,chromeos1-poe-switch1,fa44
chromeos1-row2-rack2-host3-servo,chromeos1-poe-switch1,fa45
chromeos1-row2-rack2-host4-servo,chromeos1-poe-switch1,fa22
chromeos1-row2-rack2-host5-servo,chromeos1-poe-switch1,fa23
chromeos1-row2-rack2-host6-servo,chromeos1-poe-switch2,fa13
chromeos1-row2-rack3-host1-servo,,
chromeos1-row2-rack3-host2-servo,,
chromeos1-row2-rack3-host3-servo,,
chromeos1-row2-rack3-host4-servo,,
chromeos1-row2-rack3-host5-servo,chromeos1-poe-switch2,fa43
chromeos1-row2-rack3-host6-servo,,
chromeos1-row2-rack4-host1-servo,,
chromeos1-row2-rack4-host2-servo,chromeos1-poe-switch2,fa21
chromeos1-row2-rack4-host3-servo,chromeos1-poe-switch2,fa22
chromeos1-row2-rack4-host4-servo,chromeos1-poe-switch2,fa23
chromeos1-row2-rack4-host5-servo,chromeos1-poe-switch2,fa24
chromeos1-row2-rack4-host6-servo,chromeos1-poe-switch3,fa37
chromeos1-row2-rack5-host1-servo,,
chromeos1-row2-rack5-host2-servo,,
chromeos1-row2-rack5-host3-servo,,
chromeos1-row2-rack5-host4-servo,,
chromeos1-row2-rack5-host5-servo,,
chromeos1-row2-rack5-host6-servo,,
chromeos1-row2-rack6-host1-servo,,
chromeos1-row2-rack6-host2-servo,,
chromeos1-row2-rack6-host3-servo,,
chromeos1-row2-rack6-host4-servo,,
chromeos1-row2-rack7-host1-servo,chromeos1-poe-switch3,fa44
chromeos1-row2-rack7-host2-servo,chromeos1-poe-switch3,fa45
chromeos1-row2-rack7-host3-servo,chromeos1-poe-switch3,fa46
chromeos1-row2-rack7-host4-servo,chromeos1-poe-switch3,fa47
chromeos1-row2-rack7-host5-servo,chromeos1-poe-switch4,fa13
chromeos1-row2-rack7-host6-servo,chromeos1-poe-switch4,fa14
chromeos1-row2-rack8-host1-servo,chromeos1-poe-switch4,fa15
chromeos1-row2-rack8-host2-servo,chromeos1-poe-switch4,fa16
chromeos1-row2-rack8-host3-servo,chromeos1-poe-switch4,fa17
chromeos1-row2-rack8-host4-servo,chromeos1-poe-switch4,fa18
chromeos1-row2-rack8-host5-servo,chromeos1-poe-switch4,fa19
chromeos1-row2-rack8-host6-servo,chromeos1-poe-switch4,fa20
chromeos1-row2-rack9-host1-servo,chromeos1-poe-switch4,fa21
chromeos1-row2-rack9-host2-servo,chromeos1-poe-switch4,fa22
chromeos1-row2-rack9-host3-servo,chromeos1-poe-switch4,fa23
chromeos1-row2-rack9-host4-servo,chromeos1-poe-switch4,fa24
chromeos1-row2-rack9-host5-servo,chromeos1-poe-switch5,fa37
chromeos1-row2-rack9-host6-servo,chromeos1-poe-switch5,fa38
chromeos1-row3-rack10-host1-servo,,
chromeos1-row3-rack10-host2-servo,,
chromeos1-row3-rack10-host3-servo,,
chromeos1-row3-rack10-host4-servo,,
chromeos1-row3-rack10-host5-servo,,
chromeos1-row3-rack10-host6-servo,,
chromeos1-row3-rack11-host1-servo,,
chromeos1-row3-rack11-host2-servo,,
chromeos1-row3-rack11-host3-servo,,
chromeos1-row3-rack11-host4-servo,,
chromeos1-row3-rack11-host5-servo,,
chromeos1-row3-rack11-host6-servo,,
chromeos1-row3-rack1-host4-servo,,
chromeos1-row3-rack1-host5-servo,,
chromeos1-row3-rack1-host6-servo,,
chromeos1-row3-rack2-host1-servo,,
chromeos1-row3-rack2-host2-servo,,
chromeos1-row3-rack2-host3-servo,,
chromeos1-row3-rack2-host4-servo,,
chromeos1-row3-rack2-host5-servo,,
chromeos1-row3-rack2-host6-servo,,
chromeos1-row3-rack3-host1-servo,,
chromeos1-row3-rack3-host2-servo,,
chromeos1-row3-rack3-host3-servo,,
chromeos1-row3-rack3-host4-servo,,
chromeos1-row3-rack3-host5-servo,,
chromeos1-row3-rack3-host6-servo,,
chromeos1-row3-rack4-host1-servo,,
chromeos1-row3-rack4-host2-servo,,
chromeos1-row3-rack4-host3-servo,,
chromeos1-row3-rack4-host4-servo,,
chromeos1-row3-rack4-host5-servo,,
chromeos1-row3-rack4-host6-servo,,
chromeos1-row3-rack5-host1-servo,chromeos1-poe-switch9,fa2
chromeos1-row3-rack5-host2-servo,chromeos1-poe-switch9,fa4
chromeos1-row3-rack5-host3-servo,chromeos1-poe-switch9,fa6
chromeos1-row3-rack5-host4-servo,chromeos1-poe-switch9,fa8
chromeos1-row3-rack5-host5-servo,chromeos1-poe-switch9,fa10
chromeos1-row3-rack5-host6-servo,chromeos1-poe-switch9,fa12
chromeos1-row3-rack6-host1-servo,,
chromeos1-row3-rack6-host2-servo,,
chromeos1-row3-rack6-host3-servo,,
chromeos1-row3-rack6-host4-servo,,
chromeos1-row3-rack7-host1-servo,,
chromeos1-row3-rack7-host2-servo,,
chromeos1-row3-rack7-host3-servo,,
chromeos1-row3-rack7-host4-servo,,
chromeos1-row3-rack7-host5-servo,,
chromeos1-row3-rack7-host6-servo,,
chromeos1-row3-rack8-host1-servo,,
chromeos1-row3-rack8-host2-servo,,
chromeos1-row3-rack8-host3-servo,,
chromeos1-row3-rack8-host4-servo,,
chromeos1-row3-rack8-host5-servo,,
chromeos1-row3-rack8-host6-servo,,
chromeos1-row3-rack9-host1-servo,,
chromeos1-row3-rack9-host2-servo,,
chromeos1-row3-rack9-host3-servo,,
chromeos1-row3-rack9-host4-servo,,
chromeos1-row3-rack9-host5-servo,,
chromeos1-row3-rack9-host6-servo,,
chromeos1-row4-rack10-host1-servo,,
chromeos1-row4-rack10-host2-servo,,
chromeos1-row4-rack10-host3-servo,,
chromeos1-row4-rack10-host4-servo,,
chromeos1-row4-rack10-host5-servo,,
chromeos1-row4-rack10-host6-servo,,
chromeos1-row4-rack11-host1-servo,,
chromeos1-row4-rack11-host2-servo,,
chromeos1-row4-rack11-host3-servo,,
chromeos1-row4-rack11-host4-servo,,
chromeos1-row4-rack11-host5-servo,,
chromeos1-row4-rack11-host6-servo,,
chromeos1-row4-rack1-host1-servo,,
chromeos1-row4-rack1-host2-servo,,
chromeos1-row4-rack1-host3-servo,,
chromeos1-row4-rack1-host4-servo,,
chromeos1-row4-rack1-host5-servo,,
chromeos1-row4-rack1-host6-servo,,
chromeos1-row4-rack2-host1-servo,,
chromeos1-row4-rack2-host2-servo,,
chromeos1-row4-rack2-host3-servo,,
chromeos1-row4-rack2-host4-servo,,
chromeos1-row4-rack2-host5-servo,,
chromeos1-row4-rack2-host6-servo,,
chromeos1-row4-rack3-host1-servo,,
chromeos1-row4-rack3-host2-servo,,
chromeos1-row4-rack3-host3-servo,,
chromeos1-row4-rack3-host4-servo,,
chromeos1-row4-rack3-host5-servo,,
chromeos1-row4-rack3-host6-servo,,
chromeos1-row4-rack4-host1-servo,,
chromeos1-row4-rack4-host2-servo,,
chromeos1-row4-rack4-host3-servo,,
chromeos1-row4-rack4-host4-servo,,
chromeos1-row4-rack4-host5-servo,,
chromeos1-row4-rack4-host6-servo,,
chromeos1-row4-rack5-host1-servo,chromeos1-poe-switch9,fa14
chromeos1-row4-rack5-host2-servo,chromeos1-poe-switch9,fa16
chromeos1-row4-rack5-host3-servo,chromeos1-poe-switch9,fa18
chromeos1-row4-rack5-host4-servo,chromeos1-poe-switch9,fa20
chromeos1-row4-rack5-host5-servo,chromeos1-poe-switch9,fa22
chromeos1-row4-rack5-host6-servo,chromeos1-poe-switch9,fa24
chromeos1-row4-rack6-host1-servo,,
chromeos1-row4-rack6-host2-servo,,
chromeos1-row4-rack6-host3-servo,,
chromeos1-row4-rack6-host4-servo,,
chromeos1-row4-rack7-host1-servo,,
chromeos1-row4-rack7-host2-servo,,
chromeos1-row4-rack7-host3-servo,,
chromeos1-row4-rack7-host4-servo,,
chromeos1-row4-rack7-host5-servo,,
chromeos1-row4-rack7-host6-servo,,
chromeos1-row4-rack8-host1-servo,,
chromeos1-row4-rack8-host2-servo,,
chromeos1-row4-rack8-host3-servo,,
chromeos1-row4-rack8-host4-servo,,
chromeos1-row4-rack8-host5-servo,,
chromeos1-row4-rack8-host6-servo,,
chromeos1-row4-rack9-host1-servo,,
chromeos1-row4-rack9-host2-servo,,
chromeos1-row4-rack9-host3-servo,,
chromeos1-row4-rack9-host4-servo,,
chromeos1-row4-rack9-host5-servo,,
chromeos1-row4-rack9-host6-servo,,
,chromeos2-poe-switch1,fa1
,chromeos2-poe-switch1,fa2
,chromeos2-poe-switch1,fa3
,chromeos2-poe-switch1,fa4
,chromeos2-poe-switch1,fa5
,chromeos2-poe-switch1,fa6
,chromeos2-poe-switch1,fa7
,chromeos2-poe-switch1,fa8
,chromeos2-poe-switch1,fa9
,chromeos2-poe-switch1,fa10
,chromeos2-poe-switch1,fa11
,chromeos2-poe-switch1,fa12
,chromeos2-poe-switch1,fa13
,chromeos2-poe-switch1,fa14
,chromeos2-poe-switch1,fa15
,chromeos2-poe-switch1,fa16
,chromeos2-poe-switch1,fa17
,chromeos2-poe-switch1,fa18
,chromeos2-poe-switch1,fa19
,chromeos2-poe-switch1,fa20
,chromeos2-poe-switch1,fa21
,chromeos2-poe-switch1,fa22
,chromeos2-poe-switch1,fa23
,chromeos2-poe-switch1,fa24
,chromeos2-poe-switch1,fa25
,chromeos2-poe-switch1,fa26
,chromeos2-poe-switch1,fa27
,chromeos2-poe-switch1,fa28
,chromeos2-poe-switch1,fa29
,chromeos2-poe-switch1,fa30
,chromeos2-poe-switch1,fa31
chromeos2-row1-rack4-host8-servo,chromeos2-poe-switch1,fa32
,chromeos2-poe-switch1,fa33
chromeos2-row1-rack4-host10-servo,chromeos2-poe-switch1,fa34
chromeos2-row1-rack4-host11-servo,chromeos2-poe-switch1,fa35
chromeos2-row1-rack4-host12-servo,chromeos2-poe-switch1,fa36
,chromeos2-poe-switch1,fa37
,chromeos2-poe-switch1,fa38
,chromeos2-poe-switch1,fa39
,chromeos2-poe-switch1,fa40
,chromeos2-poe-switch1,fa41
,chromeos2-poe-switch1,fa42
chromeos2-row1-rack5-host7-servo,chromeos2-poe-switch1,fa43
chromeos2-row1-rack5-host8-servo,chromeos2-poe-switch1,fa44
chromeos2-row1-rack5-host9-servo,chromeos2-poe-switch1,fa45
chromeos2-row1-rack5-host10-servo,chromeos2-poe-switch1,fa46
chromeos2-row1-rack5-host11-servo,chromeos2-poe-switch1,fa47
chromeos2-row1-rack5-host12-servo,chromeos2-poe-switch1,fa48
,chromeos2-poe-switch1,gi1
,chromeos2-poe-switch1,gi2
,chromeos2-poe-switch1,gi3
,chromeos2-poe-switch1,gi4
,chromeos2-poe-switch2,fa1
,chromeos2-poe-switch2,fa2
,chromeos2-poe-switch2,fa3
,chromeos2-poe-switch2,fa4
chromeos2-row1-rack6-host11-servo,chromeos2-poe-switch2,fa5
,chromeos2-poe-switch2,fa6
chromeos2-row1-rack6-host7-servo,chromeos2-poe-switch2,fa7
chromeos2-row1-rack6-host8-servo,chromeos2-poe-switch2,fa8
chromeos2-row1-rack6-host9-servo,chromeos2-poe-switch2,fa9
chromeos2-row1-rack6-host10-servo,chromeos2-poe-switch2,fa10
,chromeos2-poe-switch2,fa11
chromeos2-row1-rack6-host12-servo,chromeos2-poe-switch2,fa12
,chromeos2-poe-switch2,fa13
,chromeos2-poe-switch2,fa14
,chromeos2-poe-switch2,fa15
,chromeos2-poe-switch2,fa16
,chromeos2-poe-switch2,fa17
,chromeos2-poe-switch2,fa18
chromeos2-row1-rack7-host7-servo,chromeos2-poe-switch2,fa19
chromeos2-row1-rack7-host8-servo,chromeos2-poe-switch2,fa20
chromeos2-row1-rack7-host9-servo,chromeos2-poe-switch2,fa21
chromeos2-row1-rack7-host10-servo,chromeos2-poe-switch2,fa22
chromeos2-row1-rack7-host11-servo,chromeos2-poe-switch2,fa23
chromeos2-row1-rack7-host12-servo,chromeos2-poe-switch2,fa24
chromeos2-row2-rack1-host1-servo,chromeos2-poe-switch2,fa25
chromeos2-row2-rack1-host2-servo,chromeos2-poe-switch2,fa26
chromeos2-row2-rack1-host3-servo,chromeos2-poe-switch2,fa27
chromeos2-row2-rack1-host4-servo,chromeos2-poe-switch2,fa28
,chromeos2-poe-switch2,fa29
chromeos2-row2-rack1-host6-servo,chromeos2-poe-switch2,fa30
,chromeos2-poe-switch2,fa31
,chromeos2-poe-switch2,fa32
,chromeos2-poe-switch2,fa33
,chromeos2-poe-switch2,fa34
,chromeos2-poe-switch2,fa35
,chromeos2-poe-switch2,fa36
chromeos2-row2-rack2-host1-servo,chromeos2-poe-switch2,fa37
chromeos2-row2-rack2-host2-servo,chromeos2-poe-switch2,fa38
chromeos2-row2-rack2-host3-servo,chromeos2-poe-switch2,fa39
chromeos2-row2-rack2-host4-servo,chromeos2-poe-switch2,fa40
chromeos2-row2-rack2-host5-servo,chromeos2-poe-switch2,fa41
chromeos2-row2-rack2-host6-servo,chromeos2-poe-switch2,fa42
,chromeos2-poe-switch2,fa43
,chromeos2-poe-switch2,fa44
,chromeos2-poe-switch2,fa45
,chromeos2-poe-switch2,fa46
,chromeos2-poe-switch2,fa47
,chromeos2-poe-switch2,fa48
,chromeos2-poe-switch2,gi1
,chromeos2-poe-switch2,gi2
,chromeos2-poe-switch2,gi3
,chromeos2-poe-switch2,gi4
,chromeos2-poe-switch3,fa1
,chromeos2-poe-switch3,fa2
,chromeos2-poe-switch3,fa3
chromeos2-rack2-host3-host10-servo,chromeos2-poe-switch3,fa4
,chromeos2-poe-switch3,fa5
,chromeos2-poe-switch3,fa6
,chromeos2-poe-switch3,fa7
,chromeos2-poe-switch3,fa8
chromeos2-rack2-host3-host9-servo,chromeos2-poe-switch3,fa9
,chromeos2-poe-switch3,fa10
,chromeos2-poe-switch3,fa11
,chromeos2-poe-switch3,fa12
chromeos2-row2-rack4-host1-servo,chromeos2-poe-switch3,fa13
chromeos2-row2-rack4-host2-servo,chromeos2-poe-switch3,fa14
chromeos2-row2-rack4-host3-servo,chromeos2-poe-switch3,fa15
chromeos2-row2-rack4-host4-servo,chromeos2-poe-switch3,fa16
chromeos2-row2-rack4-host5-servo,chromeos2-poe-switch3,fa17
chromeos2-row2-rack4-host6-servo,chromeos2-poe-switch3,fa18
chromeos2-row2-rack4-host7-servo,chromeos2-poe-switch3,fa19
chromeos2-row2-rack4-host8-servo,chromeos2-poe-switch3,fa20
chromeos2-row2-rack4-host9-servo,chromeos2-poe-switch3,fa21
,chromeos2-poe-switch3,fa22
,chromeos2-poe-switch3,fa23
,chromeos2-poe-switch3,fa24
chromeos2-row2-rack5-host1-servo,chromeos2-poe-switch3,fa25
chromeos2-row2-rack5-host2-servo,chromeos2-poe-switch3,fa26
chromeos2-row2-rack5-host3-servo,chromeos2-poe-switch3,fa27
,chromeos2-poe-switch3,fa28
,chromeos2-poe-switch3,fa29
,chromeos2-poe-switch3,fa30
chromeos2-row2-rack5-host7-servo,chromeos2-poe-switch3,fa31
chromeos2-row2-rack5-host8-servo,chromeos2-poe-switch3,fa32
chromeos2-row2-rack5-host9-servo,chromeos2-poe-switch3,fa33
chromeos2-row2-rack5-host10-servo,chromeos2-poe-switch3,fa34
chromeos2-row2-rack5-host11-servo,chromeos2-poe-switch3,fa35
chromeos2-row2-rack5-host12-servo,chromeos2-poe-switch3,fa36
,chromeos2-poe-switch3,fa37
,chromeos2-poe-switch3,fa38
,chromeos2-poe-switch3,fa39
,chromeos2-poe-switch3,fa40
,chromeos2-poe-switch3,fa41
,chromeos2-poe-switch3,fa42
chromeos2-row2-rack6-host7-servo,chromeos2-poe-switch3,fa43
,chromeos2-poe-switch3,fa44
,chromeos2-poe-switch3,fa45
,chromeos2-poe-switch3,fa46
chromeos2-row2-rack6-host11-servo,chromeos2-poe-switch3,fa47
,chromeos2-poe-switch3,fa48
,chromeos2-poe-switch3,gi1
,chromeos2-poe-switch3,gi2
,chromeos2-poe-switch3,gi3
,chromeos2-poe-switch3,gi4
,chromeos2-poe-switch4,fa1
,chromeos2-poe-switch4,fa2
,chromeos2-poe-switch4,fa3
,chromeos2-poe-switch4,fa4
,chromeos2-poe-switch4,fa5
,chromeos2-poe-switch4,fa6
,chromeos2-poe-switch4,fa7
,chromeos2-poe-switch4,fa8
chromeos2-row2-rack7-host9-servo,chromeos2-poe-switch4,fa9
,chromeos2-poe-switch4,fa10
,chromeos2-poe-switch4,fa11
,chromeos2-poe-switch4,fa12
,chromeos2-poe-switch4,fa13
chromeos2-row2-rack7-host7-servo,chromeos2-poe-switch4,fa14
,chromeos2-poe-switch4,fa15
,chromeos2-poe-switch4,fa16
,chromeos2-poe-switch4,fa17
,chromeos2-poe-switch4,fa18
,chromeos2-poe-switch4,fa19
,chromeos2-poe-switch4,fa20
,chromeos2-poe-switch4,fa21
,chromeos2-poe-switch4,fa22
,chromeos2-poe-switch4,fa23
,chromeos2-poe-switch4,fa24
,chromeos2-poe-switch4,fa25
,chromeos2-poe-switch4,fa26
,chromeos2-poe-switch4,fa27
,chromeos2-poe-switch4,fa28
,chromeos2-poe-switch4,fa29
,chromeos2-poe-switch4,fa30
,chromeos2-poe-switch4,fa31
,chromeos2-poe-switch4,fa32
,chromeos2-poe-switch4,fa33
chromeos2-row3-rack2-host10-servo,chromeos2-poe-switch4,fa34
,chromeos2-poe-switch4,fa35
,chromeos2-poe-switch4,fa36
,chromeos2-poe-switch4,fa37
,chromeos2-poe-switch4,fa38
,chromeos2-poe-switch4,fa39
,chromeos2-poe-switch4,fa40
,chromeos2-poe-switch4,fa41
,chromeos2-poe-switch4,fa42
chromeos2-row3-rack3-host7-servo,chromeos2-poe-switch4,fa43
chromeos2-row3-rack3-host8-servo,chromeos2-poe-switch4,fa44
chromeos2-row3-rack3-host9-servo,chromeos2-poe-switch4,fa45
chromeos2-row3-rack3-host10-servo,chromeos2-poe-switch4,fa46
chromeos2-row3-rack3-host11-servo,chromeos2-poe-switch4,fa47
chromeos2-row3-rack3-host12-servo,chromeos2-poe-switch4,fa48
,chromeos2-poe-switch4,gi1
,chromeos2-poe-switch4,gi2
,chromeos2-poe-switch4,gi3
,chromeos2-poe-switch4,gi4
,chromeos2-poe-switch5,fa1
,chromeos2-poe-switch5,fa2
,chromeos2-poe-switch5,fa3
,chromeos2-poe-switch5,fa4
chromeos2-row3-rack4-host10-servo,chromeos2-poe-switch5,fa5
chromeos2-row3-rack4-host12-servo,chromeos2-poe-switch5,fa6
chromeos2-row3-rack5-host2-servo,chromeos2-poe-switch5,fa7
chromeos2-row3-rack5-host4-servo,chromeos2-poe-switch5,fa8
chromeos2-row3-rack5-host6-servo,chromeos2-poe-switch5,fa9
chromeos2-row3-rack5-host8-servo,chromeos2-poe-switch5,fa10
chromeos2-row3-rack5-host10-servo,chromeos2-poe-switch5,fa11
chromeos2-row3-rack5-host12-servo,chromeos2-poe-switch5,fa12
chromeos2-row3-rack6-host2-servo,chromeos2-poe-switch5,fa13
chromeos2-row3-rack6-host4-servo,chromeos2-poe-switch5,fa14
chromeos2-row3-rack6-host6-servo,chromeos2-poe-switch5,fa15
chromeos2-row3-rack6-host8-servo,chromeos2-poe-switch5,fa16
chromeos2-row3-rack6-host10-servo,chromeos2-poe-switch5,fa17
chromeos2-row3-rack6-host12-servo,chromeos2-poe-switch5,fa18
chromeos2-row3-rack7-host8-servo,chromeos2-poe-switch5,fa19
chromeos2-row3-rack7-host4-servo,chromeos2-poe-switch5,fa20
chromeos2-row3-rack7-host6-servo,chromeos2-poe-switch5,fa21
chromeos2-row3-rack7-host2-servo,chromeos2-poe-switch5,fa22
chromeos2-row3-rack7-host10-servo,chromeos2-poe-switch5,fa23
chromeos2-row3-rack7-host12-servo,chromeos2-poe-switch5,fa24
chromeos2-row3-rack4-host1-servo,chromeos2-poe-switch5,fa25
chromeos2-row3-rack4-host3-servo,chromeos2-poe-switch5,fa26
chromeos2-row3-rack4-host5-servo,chromeos2-poe-switch5,fa27
chromeos2-row3-rack4-host7-servo,chromeos2-poe-switch5,fa28
chromeos2-row3-rack4-host9-servo,chromeos2-poe-switch5,fa29
chromeos2-row3-rack4-host11-servo,chromeos2-poe-switch5,fa30
chromeos2-row3-rack5-host1-servo,chromeos2-poe-switch5,fa31
chromeos2-row3-rack5-host3-servo,chromeos2-poe-switch5,fa32
chromeos2-row3-rack5-host5-servo,chromeos2-poe-switch5,fa33
chromeos2-row3-rack5-host7-servo,chromeos2-poe-switch5,fa34
chromeos2-row3-rack5-host9-servo,chromeos2-poe-switch5,fa35
chromeos2-row3-rack5-host11-servo,chromeos2-poe-switch5,fa36
chromeos2-row3-rack6-host1-servo,chromeos2-poe-switch5,fa37
chromeos2-row3-rack6-host3-servo,chromeos2-poe-switch5,fa38
chromeos2-row3-rack6-host5-servo,chromeos2-poe-switch5,fa39
chromeos2-row3-rack6-host7-servo,chromeos2-poe-switch5,fa40
chromeos2-row3-rack6-host9-servo,chromeos2-poe-switch5,fa41
chromeos2-row3-rack6-host11-servo,chromeos2-poe-switch5,fa42
chromeos2-row3-rack7-host1-servo,chromeos2-poe-switch5,fa43
chromeos2-row3-rack7-host3-servo,chromeos2-poe-switch5,fa44
chromeos2-row3-rack7-host5-servo,chromeos2-poe-switch5,fa45
chromeos2-row3-rack7-host7-servo,chromeos2-poe-switch5,fa46
chromeos2-row3-rack7-host9-servo,chromeos2-poe-switch5,fa47
chromeos2-row3-rack7-host11-servo,chromeos2-poe-switch5,fa48
,chromeos2-poe-switch5,gi1
,chromeos2-poe-switch5,gi2
,chromeos2-poe-switch5,gi3
,chromeos2-poe-switch5,gi4
,chromeos2-poe-switch6,fa1
,chromeos2-poe-switch6,fa2
,chromeos2-poe-switch6,fa3
chromeos2-row4-rack1-host8-servo,chromeos2-poe-switch6,fa4
chromeos2-row4-rack1-host10-servo,chromeos2-poe-switch6,fa5
chromeos2-row4-rack1-host12-servo,chromeos2-poe-switch6,fa6
,chromeos2-poe-switch6,fa7
,chromeos2-poe-switch6,fa8
,chromeos2-poe-switch6,fa9
chromeos2-row4-rack2-host8-servo,chromeos2-poe-switch6,fa10
,chromeos2-poe-switch6,fa11
,chromeos2-poe-switch6,fa12
,chromeos2-poe-switch6,fa13
,chromeos2-poe-switch6,fa14
,chromeos2-poe-switch6,fa15
,chromeos2-poe-switch6,fa16
,chromeos2-poe-switch6,fa17
,chromeos2-poe-switch6,fa18
,chromeos2-poe-switch6,fa19
,chromeos2-poe-switch6,fa20
,chromeos2-poe-switch6,fa21
,chromeos2-poe-switch6,fa22
,chromeos2-poe-switch6,fa23
,chromeos2-poe-switch6,fa24
,chromeos2-poe-switch6,fa25
,chromeos2-poe-switch6,fa26
,chromeos2-poe-switch6,fa27
chromeos2-row4-rack1-host7-servo,chromeos2-poe-switch6,fa28
chromeos2-row4-rack1-host9-servo,chromeos2-poe-switch6,fa29
chromeos2-row4-rack1-host11-servo,chromeos2-poe-switch6,fa30
,chromeos2-poe-switch6,fa31
,chromeos2-poe-switch6,fa32
,chromeos2-poe-switch6,fa33
chromeos2-row4-rack2-host7-servo,chromeos2-poe-switch6,fa34
chromeos2-row4-rack2-host9-servo,chromeos2-poe-switch6,fa35
,chromeos2-poe-switch6,fa36
,chromeos2-poe-switch6,fa37
,chromeos2-poe-switch6,fa38
,chromeos2-poe-switch6,fa39
,chromeos2-poe-switch6,fa40
,chromeos2-poe-switch6,fa41
,chromeos2-poe-switch6,fa42
,chromeos2-poe-switch6,fa43
,chromeos2-poe-switch6,fa44
,chromeos2-poe-switch6,fa45
,chromeos2-poe-switch6,fa46
,chromeos2-poe-switch6,fa47
,chromeos2-poe-switch6,fa48
,chromeos2-poe-switch6,gi1
,chromeos2-poe-switch6,gi2
,chromeos2-poe-switch6,gi3
,chromeos2-poe-switch6,gi4
,chromeos2-poe-switch7,fa1
,chromeos2-poe-switch7,fa2
,chromeos2-poe-switch7,fa3
,chromeos2-poe-switch7,fa4
,chromeos2-poe-switch7,fa5
,chromeos2-poe-switch7,fa6
,chromeos2-poe-switch7,fa7
,chromeos2-poe-switch7,fa8
,chromeos2-poe-switch7,fa9
,chromeos2-poe-switch7,fa10
,chromeos2-poe-switch7,fa11
,chromeos2-poe-switch7,fa12
,chromeos2-poe-switch7,fa13
,chromeos2-poe-switch7,fa14
,chromeos2-poe-switch7,fa15
,chromeos2-poe-switch7,fa16
,chromeos2-poe-switch7,fa17
,chromeos2-poe-switch7,fa18
chromeos2-row5-rack1-host2-servo,chromeos2-poe-switch7,fa19
chromeos2-row5-rack1-host4-servo,chromeos2-poe-switch7,fa20
chromeos2-row5-rack1-host6-servo,chromeos2-poe-switch7,fa21
chromeos2-row5-rack1-host8-servo,chromeos2-poe-switch7,fa22
,chromeos2-poe-switch7,fa23
,chromeos2-poe-switch7,fa24
,chromeos2-poe-switch7,fa25
,chromeos2-poe-switch7,fa26
,chromeos2-poe-switch7,fa27
,chromeos2-poe-switch7,fa28
,chromeos2-poe-switch7,fa29
,chromeos2-poe-switch7,fa30
,chromeos2-poe-switch7,fa31
,chromeos2-poe-switch7,fa32
,chromeos2-poe-switch7,fa33
,chromeos2-poe-switch7,fa34
,chromeos2-poe-switch7,fa35
,chromeos2-poe-switch7,fa36
,chromeos2-poe-switch7,fa37
,chromeos2-poe-switch7,fa38
,chromeos2-poe-switch7,fa39
,chromeos2-poe-switch7,fa40
,chromeos2-poe-switch7,fa41
,chromeos2-poe-switch7,fa42
chromeos2-row5-rack1-host1-servo,chromeos2-poe-switch7,fa43
chromeos2-row5-rack1-host3-servo,chromeos2-poe-switch7,fa44
chromeos2-row5-rack1-host5-servo,chromeos2-poe-switch7,fa45
chromeos2-row5-rack1-host7-servo,chromeos2-poe-switch7,fa46
,chromeos2-poe-switch7,fa47
,chromeos2-poe-switch7,fa48
,chromeos2-poe-switch7,gi1
,chromeos2-poe-switch7,gi2
,chromeos2-poe-switch7,gi3
,chromeos2-poe-switch7,gi4
,chromeos2-poe-switch8,fa1
chromeos2-row5-rack2-host4-servo,chromeos2-poe-switch8,fa2
chromeos2-row5-rack2-host6-servo,chromeos2-poe-switch8,fa3
chromeos2-row5-rack2-host8-servo,chromeos2-poe-switch8,fa4
chromeos2-row5-rack2-host10-servo,chromeos2-poe-switch8,fa5
,chromeos2-poe-switch8,fa6
,chromeos2-poe-switch8,fa7
chromeos2-row5-rack3-host4-servo,chromeos2-poe-switch8,fa8
,chromeos2-poe-switch8,fa9
chromeos2-row5-rack3-host6-servo,chromeos2-poe-switch8,fa10
,chromeos2-poe-switch8,fa11
chromeos2-row5-rack3-host12-servo,chromeos2-poe-switch8,fa12
,chromeos2-poe-switch8,fa13
,chromeos2-poe-switch8,fa14
,chromeos2-poe-switch8,fa15
,chromeos2-poe-switch8,fa16
,chromeos2-poe-switch8,fa17
,chromeos2-poe-switch8,fa18
,chromeos2-poe-switch8,fa19
,chromeos2-poe-switch8,fa20
,chromeos2-poe-switch8,fa21
,chromeos2-poe-switch8,fa22
,chromeos2-poe-switch8,fa23
,chromeos2-poe-switch8,fa24
chromeos2-row5-rack2-host1-servo,chromeos2-poe-switch8,fa25
chromeos2-row5-rack2-host5-servo,chromeos2-poe-switch8,fa26
,chromeos2-poe-switch8,fa27
chromeos2-row5-rack2-host7-servo,chromeos2-poe-switch8,fa28
chromeos2-row5-rack2-host9-servo,chromeos2-poe-switch8,fa29
chromeos2-row5-rack2-host11-servo,chromeos2-poe-switch8,fa30
,chromeos2-poe-switch8,fa31
,chromeos2-poe-switch8,fa32
,chromeos2-poe-switch8,fa33
,chromeos2-poe-switch8,fa34
chromeos2-row5-rack3-host9-servo,chromeos2-poe-switch8,fa35
,chromeos2-poe-switch8,fa36
,chromeos2-poe-switch8,fa37
,chromeos2-poe-switch8,fa38
,chromeos2-poe-switch8,fa39
,chromeos2-poe-switch8,fa40
,chromeos2-poe-switch8,fa41
,chromeos2-poe-switch8,fa42
,chromeos2-poe-switch8,fa43
,chromeos2-poe-switch8,fa44
,chromeos2-poe-switch8,fa45
,chromeos2-poe-switch8,fa46
,chromeos2-poe-switch8,fa47
,chromeos2-poe-switch8,fa48
,chromeos2-poe-switch8,gi1
,chromeos2-poe-switch8,gi2
,chromeos2-poe-switch8,gi3
,chromeos2-poe-switch8,gi4
,chromeos2-poe-switch9,fa1
,chromeos2-poe-switch9,fa2
,chromeos2-poe-switch9,fa3
,chromeos2-poe-switch9,fa4
,chromeos2-poe-switch9,fa5
,chromeos2-poe-switch9,fa6
,chromeos2-poe-switch9,fa7
,chromeos2-poe-switch9,fa8
,chromeos2-poe-switch9,fa9
,chromeos2-poe-switch9,fa10
,chromeos2-poe-switch9,fa11
,chromeos2-poe-switch9,fa12
,chromeos2-poe-switch9,fa13
,chromeos2-poe-switch9,fa14
,chromeos2-poe-switch9,fa15
,chromeos2-poe-switch9,fa16
,chromeos2-poe-switch9,fa17
,chromeos2-poe-switch9,fa18
,chromeos2-poe-switch9,fa19
,chromeos2-poe-switch9,fa20
,chromeos2-poe-switch9,fa21
,chromeos2-poe-switch9,fa22
,chromeos2-poe-switch9,fa23
,chromeos2-poe-switch9,fa24
,chromeos2-poe-switch9,fa25
,chromeos2-poe-switch9,fa26
,chromeos2-poe-switch9,fa27
,chromeos2-poe-switch9,fa28
,chromeos2-poe-switch9,fa29
,chromeos2-poe-switch9,fa30
,chromeos2-poe-switch9,fa31
,chromeos2-poe-switch9,fa32
,chromeos2-poe-switch9,fa33
,chromeos2-poe-switch9,fa34
,chromeos2-poe-switch9,fa35
,chromeos2-poe-switch9,fa36
,chromeos2-poe-switch9,fa37
,chromeos2-poe-switch9,fa38
,chromeos2-poe-switch9,fa39
,chromeos2-poe-switch9,fa40
,chromeos2-poe-switch9,fa41
,chromeos2-poe-switch9,fa42
,chromeos2-poe-switch9,fa43
,chromeos2-poe-switch9,fa44
,chromeos2-poe-switch9,fa45
,chromeos2-poe-switch9,fa46
,chromeos2-poe-switch9,fa47
,chromeos2-poe-switch9,fa48
,chromeos2-poe-switch9,gi1
,chromeos2-poe-switch9,gi2
,chromeos2-poe-switch9,gi3
,chromeos2-poe-switch9,gi4
